,City,Cloudiness,CountryCode,Date,Humidity,Lat,Lng,MaxTemp,WindSpeed
0,Abaete,44,BR,1547175600,75,-19.16,-45.4459,21.51,0.91
1,Abu Dhabi,20,AE,1547175600,95,24.4748,54.3706,20.04,8.36
2,Abu Samrah,0,SY,1547175600,85,35.3029,37.1841,-2.09,2.21
3,Acapulco,0,MX,1547175600,84,16.8603,-99.8769,24.17,3.16
4,Adrar,0,DZ,1547175600,54,27.8734,-0.2875,3.4,1.31
5,Ahipara,36,NZ,1547175600,67,-35.1665,173.1562,24.69,4.21
6,Airai,32,TL,1547175600,83,-8.9266,125.4092,27.41,0.81
7,Aklavik,76,CA,1547175600,46,68.2183,-135.0136,-30.8,2.41
8,Aksarka,32,RU,1547175600,0,66.5606,67.7975,-30.32,3.71
9,Albany,80,US,1547175600,59,42.6512,-73.755,-4.62,4.36
10,Alfonsine,44,IT,1547175600,74,44.5054,12.0412,-0.52,0.51
11,Alice Springs,0,AU,1547175600,18,-23.6984,133.8813,44.29,4.76
12,Alihe,0,CN,1547175600,61,50.5723,123.7337,-0.24,1.46
13,Along,0,IN,1547175600,36,28.1698,94.7985,15.8,0.81
14,Alta Floresta,56,BR,1547175600,95,-9.8716,-56.084,23.29,0.96
15,Altay,68,CN,1547175600,72,47.8258,88.1291,-13.0,0.76
16,Ambilobe,44,MG,1547175600,100,-13.1945,49.05,22.91,1.31
17,Ambunti,44,PG,1547175600,85,-4.2181,142.8225,30.46,1.36
18,Ancud,12,CL,1547175600,85,-41.8682,-73.8288,6.41,1.96
19,Angoche,64,MZ,1547175600,100,-16.2293,39.9081,27.81,7.51
20,Aquiraz,36,BR,1547175600,95,-3.9028,-38.389,25.9,2.86
21,Araouane,0,ML,1547175600,58,18.9041,-3.5276,7.19,1.51
22,Arraial do Cabo,24,BR,1547175600,88,-22.9663,-42.0245,24.89,7.61
23,Assiniboia,0,CA,1547175600,81,49.6282,-105.9934,-9.44,2.96
24,Astoria,48,US,1547175600,82,46.1879,-123.8313,9.56,2.61
25,Asyut,8,EG,1547175600,79,27.1802,31.1877,4.06,1.21
26,Atar,20,MR,1547175600,37,20.5183,-13.0544,6.21,1.41
27,Athens,0,US,1547175600,72,34.8045,-86.9712,-2.24,4.11
28,Atuona,20,PF,1547175600,99,-9.8,-139.0334,27.6,7.36
29,Auki,0,NG,1547175600,54,12.1824,6.5056,15.19,2.16
30,Avarua,92,CK,1547175600,100,-21.2078,-159.775,26.65,11.96
31,Avera,0,US,1547175600,53,33.194,-82.5271,1.46,0.86
32,Awbari,0,LY,1547175600,71,26.5897,12.7694,-0.12,1.56
33,Aykhal,64,RU,1547175600,30,65.9451,111.5081,-29.97,1.26
34,Ayorou,0,NE,1547175600,39,14.7336,0.9195,12.04,1.41
35,Baiao,92,BR,1547175600,100,-2.7906,-49.6717,22.56,0.96
36,Bako,0,NG,1547175600,59,9.6833,6.4,19.21,2.66
37,Ballina,36,IE,1547175600,100,54.1143,-9.1533,3.59,1.51
38,Bambanglipuro,20,ID,1547175600,85,-7.95,110.2833,32.66,1.91
39,Bambous Virieux,80,MU,1547175600,90,-20.3428,57.7575,26.29,3.56
40,Banda Aceh,32,ID,1547175600,85,5.5577,95.3222,31.33,2.06
41,Bandarbeyla,92,SO,1547175600,100,9.4942,50.8122,24.29,9.46
42,Bara,0,NG,1547175600,39,10.4089,10.604,16.76,3.31
43,Barra Patuca,76,HN,1547175600,89,15.8,-84.2834,25.71,4.91
44,Barrow,0,AR,1547175600,80,-38.3131,-60.2291,8.94,1.21
45,Baruun-Urt,0,MN,1547175600,65,46.6808,113.2846,-9.75,6.36
46,Batagay,48,RU,1547175600,0,67.6549,134.6351,-38.63,1.76
47,Bathsheba,92,BB,1547175600,99,13.2167,-59.5167,26.09,5.86
48,Batuan,92,CN,1547175600,98,27.0378,113.7217,8.12,1.16
49,Baykit,24,RU,1547175600,54,61.6784,96.3854,-24.27,4.21
50,Belaya Gora,32,RU,1547175600,0,68.537,146.1873,-35.44,1.41
51,Belmonte,0,PT,1547175600,58,40.3583,-7.3513,-3.24,3.01
52,Beloha,92,MG,1547175600,97,-25.1739,45.0615,23.19,5.26
53,Belousovka,44,KZ,1547175600,88,50.1323,82.5206,-14.84,0.46
54,Belyy Yar,8,RU,1547175600,60,53.6039,91.3903,-17.09,2.96
55,Bend,0,US,1547175600,88,44.0582,-121.3154,-1.42,1.96
56,Berga,0,ES,1547175600,66,42.1011,1.8455,-4.85,1.16
57,Beringovskiy,68,RU,1547175600,90,63.05,179.3167,-8.22,10.06
58,Berlevag,12,NO,1547175600,100,70.8578,29.0864,-2.67,5.96
59,Betare Oya,0,CM,1547175600,45,5.6,14.0833,17.39,2.41
60,Bethel,0,US,1547175600,62,60.7922,-161.7559,-25.19,5.86
61,Beyneu,0,KZ,1547175600,71,45.3214,55.1862,-16.87,1.31
62,Biak,36,ID,1547175600,87,-0.9132,122.8766,30.49,0.86
63,Bilma,0,NE,1547175600,69,18.6929,12.9187,5.34,1.11
64,Biograd na Moru,92,HR,1547175600,100,43.9433,15.4519,4.39,8.66
65,Birao,0,CF,1547175600,62,10.2962,22.781,14.59,3.86
66,Bismarck,8,US,1547175600,57,46.8083,-100.7838,-8.49,1.21
67,Bluff,92,AU,1547175600,76,-23.58,149.0661,27.88,4.66
68,Boa Vista,92,BR,1547175600,61,2.8213,-60.6724,28.04,4.96
69,Boddam,88,GB,1547175600,95,57.4667,-1.7834,8.56,9.76
70,Bojnurd,0,IR,1547175600,81,37.4747,57.329,-6.29,0.96
71,Bonavista,20,CA,1547175600,94,48.6542,-53.1104,0.51,3.11
72,Bonoua,56,CI,1547175600,90,5.2737,-3.5967,27.4,2.56
73,Bowling Green,8,US,1547175600,65,36.9903,-86.4437,-5.54,1.96
74,Bredasdorp,0,ZA,1547175600,98,-34.5331,20.0428,17.89,7.36
75,Bredy,20,RU,1547175600,55,52.4254,60.3312,-23.83,1.76
76,Brisbane,8,AU,1547175600,58,-27.469,153.0235,31.31,4.41
77,Broken Hill,0,AU,1547175600,24,-31.9651,141.4511,41.53,3.36
78,Broome,80,GB,1547175600,97,52.4688,1.4544,6.16,5.11
79,Bull Savanna,0,JM,1547175600,85,17.8868,-77.5903,16.64,1.06
80,Buraydah,8,SA,1547175600,71,26.3317,43.9717,4.88,1.61
81,Busselton,0,AU,1547175600,97,-33.6445,115.3489,22.21,1.71
82,Butaritari,76,KI,1547175600,100,3.0707,172.7902,30.09,3.86
83,Byron Bay,20,AU,1547175600,96,-28.65,153.6167,29.36,3.61
84,Cabo San Lucas,0,MX,1547175600,100,22.8938,-109.9112,22.16,0.36
85,Cairns,92,AU,1547175600,100,-16.9205,145.7719,27.96,1.56
86,Calabozo,32,VE,1547175600,50,8.9194,-67.4305,27.34,5.91
87,Camacha,8,PT,1547175600,100,33.0833,-16.3334,15.94,1.71
88,Camaguey,8,CU,1547175600,85,21.3808,-77.917,19.66,2.16
89,Cape Town,0,ZA,1547175600,100,-33.929,18.4174,16.54,7.96
90,Caravelas,68,BR,1547175600,100,-17.7297,-39.2661,26.65,4.56
91,Carnarvon,0,ZA,1547175600,56,-30.9678,22.1333,9.71,1.26
92,Carndonagh,88,IE,1547175600,92,55.25,-7.2667,8.31,5.01
93,Castro,32,CL,1547175600,100,-42.4824,-73.7644,6.46,1.51
94,Ceyhan,0,TR,1547175600,89,37.0283,35.8171,4.85,2.36
95,Chapais,80,CA,1547175600,59,49.7839,-74.8569,-17.17,7.01
96,Charlottesville,0,US,1547175600,46,38.0293,-78.4767,-2.99,2.81
97,ChengDe,80,CN,1547175600,41,40.9725,117.9276,8.29,1.41
98,Cherskiy,0,RU,1547175600,53,68.75,161.3,-15.07,3.71
99,Chino Valley,0,US,1547175600,74,34.7575,-112.4538,0.06,1.76
100,Chokurdakh,32,RU,1547175600,0,70.6192,147.9022,-38.25,1.41
101,Christchurch,44,NZ,1547175600,91,-43.531,172.6366,16.91,5.46
102,Churapcha,48,RU,1547175600,0,62.0025,132.4325,-35.47,1.51
103,Chute-aux-Outardes,76,CA,1547175600,73,49.1167,-68.3834,-6.25,4.46
104,Chuy,80,UY,1547175600,100,-33.6938,-53.4562,19.09,1.61
105,Cidreira,48,BR,1547175600,90,-30.1658,-50.2184,23.09,2.76
106,Clarence Town,24,AU,1547175600,54,-32.5886,151.7799,33.84,1.51
107,Cockburn Town,12,TC,1547175600,100,21.4612,-71.1419,23.51,5.66
108,Codajas,48,BR,1547175600,89,-3.8367,-62.057,24.89,3.06
109,Codrington,64,AU,1547175600,65,-28.9484,153.2428,31.27,2.51
110,Coihaique,12,CL,1547175600,57,-45.5753,-72.0662,7.9,2.61
111,Collingwood,64,CA,1547175600,61,44.4965,-80.2171,-8.79,5.51
112,Comodoro Rivadavia,0,AR,1547175600,71,-45.8654,-67.4808,17.54,8.16
113,Constitucion,0,MX,1547175600,37,23.9912,-104.675,13.06,4.96
114,Coquimbo,0,CL,1547175600,100,-29.9532,-71.3381,15.66,2.16
115,Dajabon,92,DO,1547175600,100,19.5488,-71.7083,21.59,1.21
116,Dakar,92,SN,1547175600,95,14.6934,-17.448,22.94,6.81
117,Dallas,100,US,1547175600,51,32.7763,-96.7969,8.59,3.86
118,Danciulesti,92,RO,1547175600,91,44.7333,23.75,-1.33,2.31
119,Dapaong,0,TG,1547175600,60,10.8595,0.2043,18.51,1.46
120,Davidson,0,US,1547175600,47,35.4993,-80.8487,-0.67,3.66
121,Del Rio,92,US,1547175600,78,29.3627,-100.8968,14.39,6.96
122,Deputatskiy,48,RU,1547175600,0,69.3,139.9,-37.42,1.26
123,Derzhavinsk,56,KZ,1547175600,77,51.0991,66.3139,-19.41,2.56
124,Devils Lake,0,US,1547175600,71,48.1128,-98.8652,-13.23,3.66
125,Diglur,0,IN,1547175600,81,18.55,77.6,21.69,1.31
126,Dikson,24,RU,1547175600,100,73.5069,80.5464,-28.34,2.56
127,Dingle,32,PH,1547175600,71,11.0001,122.6718,28.94,7.71
128,Dobresti,76,RO,1547175600,83,46.85,22.3,-3.42,1.51
129,Dogondoutchi,0,NE,1547175600,48,13.6409,4.0294,17.81,3.16
130,Dubreka,0,GN,1547175600,100,9.7911,-13.5234,26.81,3.51
131,East London,56,ZA,1547175600,100,-33.0153,27.9116,20.76,5.01
132,Egvekinot,0,RU,1547175600,0,66.3167,-179.1667,-36.02,1.26
133,Emba,0,CY,1547175600,100,34.8083,32.425,10.01,3.51
134,Esperance,92,TT,1547175600,79,10.2447,-61.4506,25.44,2.66
135,Eston,24,CA,1547175600,86,51.1494,-108.7531,-15.82,2.06
136,Eucaliptus,12,BO,1547175600,86,-17.596,-67.5093,5.31,1.71
137,Eureka,44,US,1547175600,79,40.8021,-124.1637,11.66,5.01
138,Evensk,88,RU,1547175600,97,61.9192,159.2359,-3.95,5.26
139,Faanui,92,PF,1547175600,100,-16.4834,-151.75,29.08,7.31
140,Fengcheng,44,CN,1547175600,51,40.4543,124.0651,10.73,1.46
141,Filingue,0,NE,1547175600,56,14.3521,3.3168,14.81,1.46
142,Fomboni,92,KM,1547175600,100,-12.28,43.7425,28.96,5.46
143,Fort Nelson,0,CA,1547175600,80,58.8063,-122.694,-25.24,1.11
144,Fortuna,0,ES,1547175600,76,38.1801,-1.126,1.17,1.31
145,Funtua,0,NG,1547175600,46,11.5232,7.3075,15.56,3.11
146,Fuyang,92,CN,1547175600,100,32.8927,115.809,6.27,1.86
147,Gamba,0,CN,1547175600,48,28.2785,88.5182,-13.74,1.76
148,Gat,76,SN,1547175600,57,14.6934,-16.5351,20.26,3.56
149,Georgetown,44,GY,1547175600,93,6.8026,-58.1629,23.31,2.06
150,Geraldton,48,CA,1547175600,65,49.7189,-86.9494,-18.02,1.21
151,Gizo,0,IL,1547175600,70,31.8041,34.9381,6.13,1.31
152,Grand Baie,88,MU,1547175600,100,-20.0182,57.5802,26.64,5.11
153,Grand Gaube,88,MU,1547175600,100,-20.0064,57.6608,26.64,5.11
154,Grand-Santi,48,GF,1547175600,92,4.2734,-54.3811,22.94,1.11
155,Grindavik,92,IS,1547175600,94,63.8424,-22.4338,7.34,8.66
156,Guane,0,CU,1547175600,84,22.2039,-84.0855,17.64,2.56
157,Guerrero Negro,0,MX,1547175600,100,27.971,-114.0364,11.16,2.06
158,Guijalo,92,PH,1547175600,92,13.7367,123.8686,25.89,5.41
159,Gushikawa,100,JP,1547175600,100,26.3544,127.8686,20.61,7.41
160,Gusinoye Ozero,0,RU,1547175600,52,51.1144,106.2614,-20.64,0.86
161,Gweta,0,BW,1547175600,94,-20.209,25.2553,21.29,2.21
162,Hailey,0,US,1547175600,83,43.5196,-114.3154,-6.24,0.96
163,Haimen,100,CN,1547175600,100,31.8729,121.1771,8.56,4.11
164,Haldensleben,92,DE,1547175600,94,52.2911,11.4132,-0.24,3.86
165,Half Moon Bay,8,US,1547175600,98,37.4636,-122.4286,10.66,1.76
166,Hami,76,CN,1547175600,69,42.8354,93.5128,-11.38,1.81
167,Hamilton,12,BM,1547175600,100,32.2956,-64.7828,18.76,13.16
168,Hasaki,0,JP,1547175600,100,35.7333,140.8333,10.34,7.91
169,Havre-Saint-Pierre,92,CA,1547175600,87,50.2334,-63.5987,-1.97,7.51
170,Healdsburg,24,US,1547175600,99,38.6107,-122.8702,10.39,2.91
171,Hermanus,0,ZA,1547175600,95,-34.4176,19.2361,9.56,1.86
172,Hervey Bay,20,AU,1547175600,84,-25.2986,152.8535,31.15,5.56
173,Hidrolandia,56,BR,1547175600,92,-4.4081,-40.4378,20.89,0.16
174,Hilo,8,US,1547175600,100,19.7072,-155.0817,25.28,5.61
175,Hirado,44,JP,1547175600,100,33.3201,129.493,9.84,2.86
176,Hirara,92,JP,1547175600,100,24.8,125.2833,25.26,3.91
177,Hithadhoo,88,MV,1547175600,100,-0.6,73.0833,27.29,1.31
178,Hobart,0,AU,1547175600,42,-42.8826,147.3281,29.22,3.01
179,Honningsvag,80,NO,1547175600,100,70.9821,25.9704,0.39,9.01
180,Houma,24,CN,1547175600,78,35.6254,111.3627,3.77,1.41
181,Hsinchu,0,TW,1547175600,61,24.8036,120.9686,28.54,0.96
182,Hualmay,56,PE,1547175600,94,-11.0968,-77.613,19.09,1.66
183,Huarmey,44,PE,1547175600,96,-10.0688,-78.1522,17.91,1.41
184,Huilong,76,CN,1547175600,96,28.8896,110.183,3.39,1.36
185,Husavik,88,CA,1547175600,88,50.5623,-96.9949,-11.37,3.46
186,Igrim,0,RU,1547175600,31,63.1915,64.4243,-29.49,2.41
187,Ilebo,76,CD,1547175600,92,-4.3317,20.5883,23.26,0.96
188,Ilhabela,56,BR,1547175600,94,-23.7781,-45.3581,27.09,5.96
189,Ilulissat,0,GL,1547175600,100,69.2167,-51.1,-23.74,1.46
190,Inuvik,68,CA,1547175600,43,68.3583,-133.7065,-29.68,2.11
191,Iqaluit,0,CA,1547175600,100,63.7494,-68.5219,-29.82,3.21
192,Isangel,0,VU,1547175600,100,-19.55,169.2667,27.23,3.01
193,Itarema,92,BR,1547175600,94,-2.9248,-39.9167,23.06,1.61
194,Ixtapa,0,MX,1547175600,91,20.715,-105.2067,18.49,0.76
195,Jalingo,0,NG,1547175600,56,10.2098,12.8179,14.44,2.86
196,Jalu,0,LY,1547175600,63,29.0331,21.5482,1.34,1.31
197,Jamestown,0,AU,1547175600,63,-33.2075,138.6035,33.12,3.51
198,Japura,24,ID,1547175600,84,-0.4162,102.2923,31.39,1.26
199,Jeremie,76,HT,1547175600,100,18.65,-74.1167,21.79,3.46
200,Jiayuguan,0,CN,1547175600,39,39.7722,98.2885,-14.51,0.76
201,Jos,0,NG,1547175600,67,9.9175,8.8979,11.19,1.41
202,Kaeo,100,NZ,1547175600,69,-35.1018,173.7751,24.56,1.81
203,Kahului,68,US,1547175600,85,20.8894,-156.4728,23.66,1.96
204,Kaitangata,64,NZ,1547175600,66,-46.2818,169.8464,14.29,10.26
205,Kajaani,92,FI,1547175600,91,64.2241,27.7334,1.6,6.36
206,Kaka,0,TM,1547175600,90,37.3482,59.6189,-4.97,1.06
207,Kakching,8,IN,1547175600,78,24.4975,93.9836,19.24,1.01
208,Kalabo,0,ZM,1547175600,94,-14.9951,22.6745,19.94,2.86
209,Kampot,20,KH,1547175600,77,10.6183,104.1797,34.45,1.96
210,Kamyshin,88,RU,1547175600,94,50.0808,45.4048,-11.22,3.11
211,Kapaa,8,US,1547175600,76,22.0752,-159.319,25.23,0.36
212,Karasjok,36,NO,1547175600,70,69.4721,25.5183,-1.74,5.21
213,Karaton,68,ID,1547175600,90,-6.3424,106.1045,32.35,1.51
214,Karratha,0,AU,1547175600,13,-20.7371,116.8479,48.09,3.56
215,Kaspiysk,0,RU,1547175600,52,42.8816,47.6392,0.49,1.21
216,Kaspiyskiy,80,RU,1547175600,100,45.3929,47.3707,-5.29,1.66
217,Katobu,76,ID,1547175600,86,-4.9409,122.5276,30.45,1.16
218,Katsuura,8,JP,1547175600,72,33.9258,134.505,11.6,3.21
219,Kavaratti,0,IN,1547175600,100,10.5669,72.642,27.46,3.66
220,Kavieng,48,PG,1547175600,100,-2.5745,150.7967,28.69,3.41
221,Kearney,12,US,1547175600,78,40.6995,-99.0819,-3.62,2.41
222,Kenai,8,US,1547175600,61,60.5544,-151.2584,-19.72,2.71
223,Kerema,24,PG,1547175600,75,-7.9626,145.7765,30.78,1.11
224,Ketchikan,92,US,1547175600,99,55.3422,-131.6462,6.3,8.76
225,Khatanga,12,RU,1547175600,0,71.9801,102.4743,-41.44,2.21
226,Kiama,56,AU,1547175600,83,-34.6719,150.8554,28.52,1.66
227,Kieta,44,PG,1547175600,85,-6.2167,155.6333,30.53,2.51
228,Kimbe,32,PG,1547175600,92,-5.5563,150.153,30.04,2.56
229,Kintampo,24,GH,1547175600,92,8.0537,-1.729,21.41,3.91
230,Kirakira,44,SB,1547175600,100,-10.4569,161.9202,28.66,3.26
231,Kiruna,44,SE,1547175600,62,67.8551,20.2255,-0.87,5.86
232,Klyuchi,56,RU,1547175600,59,52.2549,79.1714,-21.07,0.86
233,Kodiak,20,US,1547175600,63,39.9519,-94.7572,-1.75,4.46
234,Kokkola,48,FI,1547175600,77,63.8366,23.1336,3.09,7.71
235,Komsomolskiy,24,RU,1547175600,67,67.5537,63.776,-23.12,6.26
236,Kondinskoye,76,RU,1547175600,73,59.6518,67.4118,-20.43,1.21
237,Korfovskiy,0,RU,1547175600,62,48.2183,135.0564,-9.73,4.06
238,Korhogo,12,CI,1547175600,68,9.4575,-5.6343,17.31,1.21
239,Koslan,68,RU,1547175600,83,63.4564,48.8989,-11.28,2.76
240,Kouroussa,0,GN,1547175600,59,10.6519,-9.8812,16.46,1.96
241,Koutiala,0,ML,1547175600,51,12.387,-5.4601,15.06,2.21
242,Kralendijk,0,BQ,1547175600,99,12.15,-68.2667,26.29,5.46
243,Kruisfontein,56,ZA,1547175600,94,-34.0034,24.7314,17.04,2.01
244,Kucevo,92,RS,1547175600,91,44.478,21.6689,-3.67,2.61
245,Kuching,44,MY,1547175600,100,1.5574,110.344,28.7,0.76
246,Kununurra,0,AU,1547175600,65,-15.7731,128.7388,38.64,3.91
247,Kwinana,0,AU,1547175600,79,-32.25,115.7667,26.4,2.31
248,Lagoa,0,PT,1547175600,65,37.1363,-8.4541,8.76,4.46
249,Laguna,92,MX,1547175600,81,27.5185,-110.0074,17.66,0.86
250,Lambarene,92,GA,1547175600,100,-0.6959,10.2216,23.28,1.06
251,Laredo,80,US,1547175600,67,27.5061,-99.5089,17.29,4.11
252,Lashio,76,MM,1547175600,97,22.9333,97.75,16.61,1.06
253,Lata,92,IN,1547175600,98,30.7809,78.6152,1.02,0.76
254,Lavrentiya,0,RU,1547175600,82,65.5842,-170.989,-22.42,6.61
255,Lebu,0,ET,1547175600,71,8.9611,38.7254,5.34,1.21
256,Leningradskiy,76,RU,1547175600,97,69.3833,178.4167,-17.49,10.41
257,Leninskoye,36,RU,1547175600,73,54.8176,82.8514,-21.22,2.71
258,Lewistown,0,US,1547175600,77,40.3931,-90.1549,-6.29,2.16
259,Lima,64,PE,1547175600,97,-12.0622,-77.0366,20.52,0.56
260,Lingao,56,CN,1547175600,86,19.9103,109.6859,26.75,2.51
261,Ljungby,92,SE,1547175600,92,56.8326,13.936,3.71,4.16
262,Lloydminster,68,CA,1547175600,79,53.28,-110.0089,-14.72,1.06
263,Lompoc,0,US,1547175600,100,34.6392,-120.458,9.16,2.06
264,Longyearbyen,76,NO,1547175600,87,78.2198,15.6349,-10.87,7.91
265,Lorengau,0,PG,1547175600,92,-2.0226,147.2712,30.28,4.06
266,Los Llanos de Aridane,32,ES,1547175600,100,28.6585,-17.9183,15.47,1.51
267,Luanda,36,AO,1547175600,97,-8.8272,13.2437,24.84,1.51
268,Luang Prabang,64,LA,1547175600,94,19.8887,102.1359,22.23,1.06
269,Lucea,0,JM,1547175600,100,18.4423,-78.1727,24.69,3.06
270,Luderitz,0,NA,1547175600,92,-26.6481,15.1594,13.96,1.36
271,Maceio,88,BR,1547175600,90,-9.6659,-35.7353,24.68,1.86
272,Mahebourg,80,MU,1547175600,90,-20.4081,57.7,26.29,3.56
273,Mahon,48,IE,1547175600,100,51.8922,-8.4043,9.39,2.56
274,Maine-Soroa,0,NE,1547175600,53,13.2114,12.0241,13.04,2.66
275,Makakilo City,88,US,1547175600,74,21.3469,-158.0859,24.04,2.76
276,Makanya,8,TZ,1547175600,84,-4.3581,37.8248,18.71,1.61
277,Maksi,68,LV,1547175600,82,56.9472,27.7292,-13.23,5.46
278,Makushino,88,RU,1547175600,79,55.2083,67.2527,-14.0,4.56
279,Mamallapuram,92,IN,1547175600,99,12.6264,80.1722,24.94,4.81
280,Mandali,0,IQ,1547175600,74,33.7465,45.5522,-0.42,3.16
281,Maniitsoq,0,GL,1547175600,100,65.4167,-52.9001,-14.42,2.91
282,Manokwari,12,ID,1547175600,100,-0.8667,134.0833,28.59,2.01
283,Manta,92,RO,1547175600,91,45.0992,24.1038,-2.88,2.31
284,Maputo,8,MZ,1547175600,65,-25.9663,32.5675,27.96,1.76
285,Mar del Plata,0,AR,1547175600,46,-46.4276,-67.5191,17.09,8.06
286,Margate,0,AU,1547175600,63,-43.0274,147.2623,29.35,2.41
287,Marshfield,56,US,1547175600,97,42.0918,-70.7056,-0.47,6.96
288,Matara,88,PE,1547175600,97,-13.7417,-72.8996,7.34,0.96
289,Mataura,92,NZ,1547175600,73,-46.1928,168.8643,13.21,9.31
290,Matay,0,EG,1547175600,76,28.4181,30.7864,-0.69,1.51
291,Mayo,44,CA,1547175600,0,63.5927,-135.8962,-32.11,0.56
292,Mayumba,88,GA,1547175600,100,-3.4391,10.6473,26.01,1.56
293,Mazamari,92,PE,1547175600,100,-11.3289,-74.5307,18.71,0.41
294,Mehamn,12,NO,1547175600,83,71.035,27.8517,-2.37,6.91
295,Melville,56,CA,1547175600,85,50.9307,-102.8073,-13.34,2.61
296,Mende,0,FR,1547175600,54,44.518,3.4991,-4.59,3.56
297,Meulaboh,36,ID,1547175600,100,4.1363,96.1285,28.5,0.51
298,Mezen,92,RU,1547175600,77,65.8522,44.24,-7.75,6.01
299,Mezhova,92,UA,1547175600,91,48.2554,36.7323,3.71,5.56
300,Middelburg,88,ZA,1547175600,88,-25.7679,29.4555,17.38,1.31
301,Midland,20,US,1547175600,73,31.9974,-102.078,10.94,7.41
302,Minab,0,IR,1547175600,82,27.1483,57.0737,17.89,2.66
303,Mitu,0,IR,1547175600,50,36.1986,46.0868,-17.12,1.16
304,Mogadishu,0,SO,1547175600,100,2.0428,45.3386,25.84,10.41
305,Monroe,8,US,1547175600,82,41.9145,-83.3969,-7.64,1.31
306,Monrovia,0,LR,1547175600,92,6.328,-10.7978,23.59,2.26
307,Mortka,76,RU,1547175600,77,59.3303,66.0221,-19.28,1.16
308,Mount Gambier,0,AU,1547175600,33,-37.8302,140.7843,34.63,2.41
309,Mount Isa,0,AU,1547175600,29,-20.729,139.4932,41.81,6.21
310,Moyobamba,44,PE,1547175600,99,-6.0348,-76.9747,19.69,0.86
311,Muisne,88,EC,1547175600,93,0.6104,-80.0186,22.76,1.16
312,Mulege,92,MX,1547175600,89,26.8833,-111.9834,15.04,0.86
313,Muros,0,ES,1547175600,100,42.7744,-9.0576,6.94,3.06
314,Mwingi,44,KE,1547175600,73,-0.9333,38.0666,16.14,1.91
315,Namatanai,0,PG,1547175600,89,-3.6642,152.4407,31.15,5.81
316,Namibe,0,AO,1547175600,100,-15.1902,12.1531,22.79,0.71
317,Nanakuli,32,US,1547175600,85,21.3906,-158.1548,24.51,2.76
318,Nanortalik,32,GL,1547175600,84,60.1432,-45.2372,-2.24,2.56
319,Nara,8,JP,1547175600,72,34.6845,135.8048,15.79,3.06
320,Narrabri,36,AU,1547175600,56,-30.3297,149.7814,33.98,1.06
321,Natchitoches,48,US,1547175600,50,31.7607,-93.0861,5.44,2.56
322,Naze,8,NG,1547175600,87,5.4333,7.0667,24.01,4.11
323,Neka,0,IR,1547175600,93,36.6512,53.2965,1.39,0.91
324,Nelson Bay,0,AU,1547175600,99,-32.7219,152.1441,29.97,8.41
325,Nemuro,36,JP,1547175600,100,43.3236,145.575,-2.37,14.06
326,New Norfolk,0,AU,1547175600,47,-42.7802,147.0615,29.43,3.06
327,Nikolskoye,80,RU,1547175600,83,59.7035,30.7861,-5.61,5.76
328,Norman Wells,44,CA,1547175600,0,65.2824,-126.8328,-37.27,1.71
329,Ocos,8,GT,1547175600,98,14.5094,-92.1934,28.56,3.21
330,Okhotsk,0,RU,1547175600,100,59.3644,143.2411,-20.74,4.11
331,Oktyabrskoye,0,RU,1547175600,67,56.7292,85.4429,-26.02,1.16
332,Onega,92,RU,1547175600,84,63.9116,38.0948,-5.85,11.26
333,Opuwo,0,NA,1547175600,57,-18.0559,13.8371,12.79,1.21
334,Oranjemund,0,ZA,1547175600,98,-28.552,16.4284,16.69,1.06
335,Orikhiv,92,UA,1547175600,93,47.5692,35.779,2.69,6.01
336,Orikhove,92,UA,1547175600,100,48.1018,38.1077,2.82,6.56
337,Osakarovka,36,KZ,1547175600,64,50.5607,72.5814,-18.27,4.41
338,Osoyoos,88,CA,1547175600,97,49.0333,-119.4667,1.4,0.86
339,Ostrovnoy,36,RU,1547175600,88,68.0544,39.5129,-6.79,12.66
340,Paamiut,0,GL,1547175600,100,61.994,-49.6678,-2.34,2.01
341,Pacatuba,68,BR,1547175600,85,-10.4507,-36.6474,25.18,2.36
342,Padang,0,ID,1547175600,100,-0.9248,100.3633,30.05,0.26
343,Paita,32,PE,1547175600,92,-5.0851,-81.1138,22.01,1.91
344,Palmer,12,AU,1547175600,57,-34.8528,139.1601,33.2,5.61
345,Pamanukan,32,ID,1547175600,100,-6.2842,107.821,27.99,4.01
346,Pangnirtung,0,CA,1547175600,42,66.149,-65.7179,-32.51,1.46
347,Panguna,92,PG,1547175600,95,-6.3164,155.4848,25.64,1.76
348,Patnos,0,TR,1547175600,93,39.2334,42.8612,-19.74,1.16
349,Pergamino,0,AR,1547175600,92,-33.8954,-60.5664,11.79,2.26
350,Petropavlovsk-Kamchatskiy,76,RU,1547175600,100,53.0452,158.6483,-8.42,2.31
351,Pevek,36,RU,1547175600,71,69.7028,170.2747,-13.72,10.41
352,Phuket,20,TH,1547175600,100,7.8906,98.3981,28.34,7.11
353,Pimentel,88,BR,1547175600,99,-3.7033,-45.5026,22.34,1.21
354,Pirovskoye,36,RU,1547175600,66,57.6267,92.2658,-18.07,3.41
355,Pisco,12,PE,1547175600,97,-13.71,-76.203,19.34,0.91
356,Pitea,0,SE,1547175600,62,65.3172,21.4794,1.01,7.61
357,Pizarro,32,CO,1547175600,99,4.9538,-77.3668,25.06,2.11
358,Plotnikovo,12,RU,1547175600,69,55.036,83.3973,-23.17,2.31
359,Pokhara,32,NP,1547175600,72,28.2095,83.9914,10.38,0.86
360,Polewali,20,ID,1547175600,76,-4.0262,119.8027,35.47,1.96
361,Poli,0,CM,1547175600,74,8.4761,13.2409,13.59,0.31
362,Poltavka,88,RU,1547175600,73,54.3639,71.7601,-16.28,3.01
363,Polyarnyy,88,RU,1547175600,82,69.1989,33.4478,-2.51,5.21
364,Ponta do Sol,48,BR,1547175600,83,-20.6335,-45.9989,19.29,1.21
365,Porirua,0,NZ,1547175600,81,-41.1355,174.8397,20.01,3.91
366,Port Alfred,64,ZA,1547175600,95,-33.5906,26.891,18.76,2.71
367,Port Blair,56,IN,1547175600,100,11.6667,92.75,26.89,5.26
368,Port Elizabeth,0,US,1547175600,60,39.3134,-74.9811,-1.42,6.36
369,Port Hedland,0,AU,1547175600,36,-20.3112,118.5801,42.13,1.86
370,Port Lincoln,92,AU,1547175600,53,-34.7212,135.8592,29.68,5.36
371,Port Macquarie,8,AU,1547175600,82,-31.43,152.9104,30.33,3.86
372,Porto Novo,44,BR,1547175600,96,-23.6775,-45.4418,21.04,1.41
373,Praia da Vitoria,24,PT,1547175600,100,38.7333,-27.0667,15.89,5.86
374,Praya,0,ID,1547175600,95,-8.7054,116.2704,32.06,1.51
375,Presidencia Roque Saenz Pena,92,AR,1547175600,98,-26.7853,-60.4388,21.04,6.16
376,Provideniya,0,RU,1547175600,100,64.4238,-173.2276,-18.83,8.71
377,Puente de Ixtla,0,MX,1547175600,78,18.6168,-99.3237,12.21,0.41
378,Puerto Ayora,32,EC,1547175600,100,-0.7394,-90.3518,24.51,2.66
379,Puerto Carreno,32,CO,1547175600,86,6.189,-67.4859,25.62,1.41
380,Punta Arenas,64,CL,1547175600,92,-53.1627,-70.9081,11.82,11.11
381,Qaanaaq,24,GL,1547175600,100,77.484,-69.3633,-27.94,3.81
382,Qasigiannguit,0,GL,1547175600,100,68.8201,-51.1933,-23.74,1.46
383,Quatre Cocos,80,MU,1547175600,90,-20.2078,57.7625,26.29,3.56
384,Quzhou,92,CN,1547175600,100,28.9658,118.8649,9.13,1.66
385,Radcliff,8,US,1547175600,78,37.8403,-85.9492,-6.57,1.26
386,Rawson,0,AR,1547175600,32,-43.2992,-65.1057,14.89,5.91
387,Ribeira Grande,88,PT,1547175600,100,38.5167,-28.7001,15.39,13.11
388,Richards Bay,48,ZA,1547175600,84,-28.7745,32.0555,23.56,4.76
389,Rikitea,44,PF,1547175600,99,-23.1203,-134.9692,26.51,7.36
390,Riyadh,0,SA,1547175600,76,24.632,46.7151,6.0,0.51
391,Roald,88,NO,1547175600,100,62.5838,6.1242,3.59,9.51
392,Robinson,0,US,1547175600,75,39.0053,-87.7392,-7.42,1.31
393,Rudnichnyy,68,RU,1547175600,76,59.6987,60.2884,-17.69,1.06
394,Russell,0,AR,1547175600,98,-33.0055,-68.7969,5.91,0.96
395,Sabalgarh,0,IN,1547175600,80,26.2484,77.41,10.24,1.26
396,Sabha,0,LY,1547175600,58,27.0332,14.4317,4.89,4.21
397,Saint George,24,GR,1547175600,80,39.4548,22.34,-0.92,1.41
398,Saint-Agapit,68,CA,1547175600,70,46.5629,-71.4352,-6.94,5.56
399,Saint-Augustin,0,FR,1547175600,100,44.8323,-0.6091,-1.54,2.46
400,Saint-Georges,76,CA,1547175600,64,46.123,-70.672,-6.84,4.76
401,Saint-Joseph,0,FR,1547175600,46,43.5562,6.9715,-5.72,1.66
402,Saint-Leu,0,RE,1547175600,98,-21.15,55.2833,26.65,3.61
403,Saint-Philippe,68,CA,1547175600,77,45.3584,-73.4791,-7.87,5.81
404,Saint-Pierre,88,FR,1547175600,94,48.9455,4.2446,-0.82,1.51
405,Salalah,0,OM,1547175600,100,17.0149,54.0957,21.44,1.31
406,Salamanca,0,ES,1547175600,85,40.9652,-5.6641,-5.09,5.21
407,Saldanha,0,PT,1547175600,88,41.4184,-6.5524,-5.57,2.51
408,Salinopolis,88,BR,1547175600,100,-0.6137,-47.3562,24.49,2.31
409,Samarai,0,PG,1547175600,99,-10.6167,150.6667,29.48,5.46
410,San Carlos del Zulia,8,VE,1547175600,74,9.0,-71.9136,25.46,1.36
411,San Cristobal,68,EC,1547175600,100,-0.3855,-78.5488,10.38,0.41
412,San Felipe,0,CL,1547175600,73,-32.7508,-70.7251,10.89,0.26
413,San Nicolas,88,HN,1547175600,98,14.9427,-88.3303,17.94,0.86
414,San Patricio,56,PY,1547175600,94,-26.9767,-56.8274,24.31,1.11
415,San Policarpo,80,PH,1547175600,88,12.1791,125.5072,27.64,7.61
416,San Quintin,0,PH,1547175600,58,17.5427,120.5203,34.71,1.81
417,San Vicente,76,SV,1547175600,54,13.6433,-88.7837,25.81,1.51
418,Sangueya,12,GN,1547175600,91,10.7,-14.3667,20.69,1.21
419,Santa Cruz del Sur,12,CU,1547175600,89,20.7147,-77.9956,20.89,3.21
420,Santa Marta,0,CO,1547175600,100,11.2422,-74.2056,25.7,8.66
421,Santiago del Estero,88,AR,1547175600,71,-27.7952,-64.2615,19.56,7.76
422,Santo Tomas,20,PH,1547175600,73,15.8782,120.5861,32.58,2.66
423,Sao Felix do Xingu,36,BR,1547175600,100,-6.6448,-51.995,21.84,0.96
424,Sao Filipe,48,CV,1547175600,96,14.8961,-24.4956,22.46,7.56
425,Sao Gabriel,88,BR,1547175600,95,-30.3364,-54.32,21.66,3.01
426,Sao Sepe,76,BR,1547175600,95,-30.1606,-53.5653,21.31,1.41
427,Sarakhs,88,TM,1547175600,98,36.5399,61.1565,4.39,4.16
428,Saskylakh,56,RU,1547175600,0,71.965,114.0939,-39.33,1.41
429,Sawakin,48,SD,1547175600,100,19.1031,37.3312,19.89,3.26
430,Sergeyevka,76,KZ,1547175600,80,53.881,67.4159,-15.42,4.16
431,Serpa,0,PT,1547175600,76,37.9433,-7.597,1.57,3.11
432,Sesheke,0,NA,1547175600,95,-17.4698,24.2909,19.84,1.41
433,Severo-Kurilsk,0,RU,1547175600,100,50.6789,156.125,-4.28,1.26
434,Seydi,8,NE,1547175600,66,13.3393,7.7492,13.34,1.31
435,Shediac,80,CA,1547175600,75,46.2195,-64.5493,-2.37,3.61
436,Shenjiamen,92,CN,1547175600,100,29.9576,122.298,12.65,5.01
437,Shingu,0,JP,1547175600,100,33.7241,135.993,13.02,3.91
438,Sinnamary,92,GF,1547175600,94,5.3772,-52.9574,26.3,5.71
439,Sistranda,92,NO,1547175600,96,63.7256,8.834,4.25,14.01
440,Sitka,12,US,1547175600,54,37.175,-99.6516,7.54,7.16
441,Sitrah,0,BH,1547175600,100,26.1547,50.6206,17.01,11.06
442,Sokoni,88,CD,1547175600,98,-12.8902,28.7793,17.94,2.01
443,Sol-Iletsk,76,RU,1547175600,59,51.1613,54.9964,-20.07,1.31
444,Sola,88,FI,1547175600,86,62.7816,29.3576,-0.71,10.16
445,Sorland,92,NO,1547175600,100,67.667,12.6934,5.56,25.61
446,Sortland,92,NO,1547175600,100,68.6949,15.4162,2.31,12.11
447,Souillac,8,FR,1547175600,78,45.6006,-0.6,-0.78,2.21
448,Soyo,76,AO,1547175600,98,-6.1334,12.3718,23.71,0.91
449,Srednekolymsk,56,RU,1547175600,44,67.4555,153.7071,-32.2,1.16
450,Suntar,36,RU,1547175600,73,62.1575,117.6463,-19.37,1.76
451,Suoyarvi,88,RU,1547175600,81,62.082,32.3459,-4.39,6.46
452,Sur,8,OM,1547175600,100,22.5702,59.5299,21.59,1.11
453,Swan Hill,0,AU,1547175600,54,-35.3394,143.5592,33.85,2.31
454,Szigetvar,24,HU,1547175600,79,46.0486,17.8055,-3.49,5.11
455,Tabora,92,TZ,1547175600,97,-5.0203,32.8098,17.33,1.96
456,Talnakh,36,RU,1547175600,46,69.494,88.3908,-33.74,1.61
457,Taltal,0,CL,1547175600,100,-25.408,-70.4859,11.96,0.71
458,Tangermunde,88,DE,1547175600,92,52.5446,11.9765,-0.38,4.16
459,Tarakan,12,ID,1547175600,85,3.3,117.6333,31.63,1.76
460,Tasiilaq,80,GL,1547175600,100,65.6145,-37.6368,-7.47,12.21
461,Taybad,0,IR,1547175600,96,34.7402,60.7755,-3.04,1.71
462,Te Anau,44,NZ,1547175600,49,-45.4145,167.7175,16.86,4.11
463,Terme,0,TR,1547175600,96,41.209,36.9721,9.67,5.16
464,Tevaitoa,80,PF,1547175600,100,-16.7834,-151.5,30.04,5.56
465,The Valley,8,AI,1547175600,99,18.217,-63.0579,25.34,2.96
466,Thinadhoo,48,MV,1547175600,100,0.5333,72.9333,26.37,1.41
467,Thompson,64,CA,1547175600,74,55.7433,-97.8635,-21.44,2.31
468,Tiksi,64,RU,1547175600,0,71.6366,128.8685,-34.44,1.76
469,Tocopilla,24,CL,1547175600,100,-22.092,-70.198,15.29,0.61
470,Tommot,80,RU,1547175600,74,58.9685,126.2669,-11.3,1.76
471,Tomohon,76,ID,1547175600,78,1.3256,124.8386,30.59,1.11
472,Toora-Khem,76,RU,1547175600,62,52.4675,96.11,-19.88,1.06
473,Torbay,0,CA,1547175600,94,47.6577,-52.727,1.2,0.91
474,Toropets,76,RU,1547175600,77,56.4965,31.6411,-12.82,3.66
475,Touros,44,BR,1547175600,93,-5.1989,-35.4609,24.79,3.91
476,Trairi,80,BR,1547175600,100,-3.278,-39.2679,25.51,5.46
477,Tselinnoye,92,UA,1547175600,92,45.9041,34.1788,6.14,7.96
478,Tual,20,ID,1547175600,100,-5.6667,132.75,28.02,3.76
479,Tuatapere,88,NZ,1547175600,100,-46.1324,167.6908,11.81,7.11
480,Tuktoyaktuk,12,CA,1547175600,80,69.444,-133.032,-27.84,7.16
481,Tulun,88,RU,1547175600,80,54.5621,100.5792,-8.43,3.11
482,Tura,0,IN,1547175600,82,25.5174,90.2067,19.88,1.71
483,Turukhansk,56,RU,1547175600,35,65.7954,87.9608,-30.5,3.91
484,Udachnyy,64,RU,1547175600,39,66.4167,112.4,-31.59,1.31
485,Udaipura,0,IN,1547175600,81,23.0706,78.5125,14.98,2.06
486,Uglekamensk,0,RU,1547175600,49,43.2196,133.2312,3.12,1.26
487,Uige,48,AO,1547175600,93,-7.6088,15.0613,18.29,0.96
488,Ukiah,24,US,1547175600,88,39.1502,-123.2078,9.37,1.61
489,Ulagan,68,RU,1547175600,86,50.6321,87.9563,-18.7,1.06
490,Umba,88,RU,1547175600,81,66.6871,34.3429,-2.88,10.41
491,Upernavik,20,GL,1547175600,100,72.7868,-56.1549,-20.87,3.46
492,Ushuaia,80,AR,1547175600,93,-54.807,-68.3074,12.37,8.71
493,Ust-Nera,36,RU,1547175600,40,64.5664,143.2378,-33.3,0.16
494,Ust-Tsilma,68,RU,1547175600,66,65.441,52.1498,-16.94,3.46
495,Uzhur,44,RU,1547175600,64,55.3216,89.8487,-18.12,1.71
496,Vagamo,0,NO,1547175600,66,61.8751,9.0967,-2.92,4.31
497,Vaini,0,IN,1547175600,70,15.336,74.4926,18.04,1.81
498,Vaitape,92,PF,1547175600,100,-16.5167,-151.75,28.11,7.11
499,Vallenar,0,CL,1547175600,91,-28.5751,-70.7617,11.76,0.96
500,Valley City,0,US,1547175600,75,46.9233,-98.0032,-13.44,2.66
501,Vardo,0,US,1547175600,51,39.6165,-77.7392,-3.13,4.66
502,Varkaus,88,FI,1547175600,87,62.3176,27.8681,-0.76,11.96
503,Victoria,0,BN,1547175600,90,5.2785,115.2423,31.31,1.41
504,Vieques,24,PR,1547175600,100,18.425,-65.833,23.59,2.11
505,Vila Velha,76,BR,1547175600,100,-3.7125,-38.6045,26.06,6.06
506,Villanueva de la Serena,0,ES,1547175600,74,38.9738,-5.8009,-3.32,2.46
507,Voh,24,NC,1547175600,95,-20.95,164.6872,26.41,10.26
508,Vostok,20,RU,1547175600,61,46.448,135.8294,-9.61,1.31
509,Vysokogornyy,8,RU,1547175600,60,50.0975,139.1259,-10.38,2.31
510,Waingapu,24,ID,1547175600,83,-9.6522,120.2637,30.46,2.06
511,Waipawa,8,NZ,1547175600,42,-39.9412,176.5913,24.74,7.01
512,Walvis Bay,0,NA,1547175600,100,-22.9544,14.5075,16.84,4.11
513,Warangal,0,IN,1547175600,93,17.99,79.6044,22.41,3.26
514,Worcester,92,GB,1547175600,94,52.1912,-2.2207,7.16,3.71
515,Wote,32,KE,1547175600,77,-1.7804,37.629,16.96,1.46
516,Xiaoweizhai,92,CN,1547175600,100,26.2293,107.5129,4.96,1.21
517,Xuddur,0,SO,1547175600,70,4.1213,43.8894,17.91,5.81
518,Yabelo,0,ET,1547175600,50,4.8926,38.095,14.54,2.76
519,Yakovlevka,0,RU,1547175600,61,44.4263,133.4742,1.11,1.36
520,Yar-Sale,8,RU,1547175600,100,66.8333,70.8333,-29.72,1.76
521,Yatou,0,CM,1547175600,99,3.6277,9.8147,27.84,5.26
522,Yayva,80,RU,1547175600,86,59.3303,57.2641,-11.04,4.01
523,Yellowknife,88,CA,1547175600,68,62.4541,-114.3774,-21.87,8.61
524,Yeppoon,36,AU,1547175600,76,-23.1349,150.7437,30.57,6.36
525,Yerbogachen,0,RU,1547175600,55,61.2767,108.0108,-18.52,3.41
526,Yuanping,0,CN,1547175600,63,38.7243,112.7143,3.64,1.46
527,Yulara,0,AU,1547175600,13,-25.2411,130.9869,45.92,5.01
528,Yumen,0,CN,1547175600,68,40.2917,97.0449,-6.85,4.66
529,Zakamensk,12,RU,1547175600,52,50.3778,103.2915,-20.84,1.16
530,Zhezkazgan,20,KZ,1547175600,76,47.8043,67.7144,-22.09,3.61
531,Zhicheng,24,CN,1547175600,75,35.041,112.5917,10.11,1.86
532,Zhigansk,68,RU,1547175600,0,66.7656,123.3741,-34.77,2.56
533,Zhob,0,PK,1547175600,59,31.3412,69.448,-5.67,2.11